{"object":"whatsapp_business_account","entry":[{"id":"107677358689330","changes":[{"value":{"messaging_product":"whatsapp","metadata":{"display_phone_number":"15550655148","phone_number_id":"102848469183001"},"statuses":[{"id":"wamid.HBgMMjYzNzc1MzYxNTg0FQIAERgSRjlCNDlFQUVFRURGRDQzNzZBAA==","status":"read","timestamp":"1664714228","recipient_id":"263775361584","conversation":{"id":"216bb7268eb4085bb91dbce7415d93a1","origin":{"type":"user_initiated"}},"pricing":{"billable":true,"pricing_model":"CBP","category":"user_initiated"}}]},"field":"messages"}]}]}